client_numeric;vendor_numeric;year;month;day;sku_count_products;total_num_count_products;total_price_products
293;65;2022;1;4;43;207;470281
500;24;2022;1;4;11;277;323807
947;28;2022;1;3;62;323;384175
2195;30;2022;1;5;15;29;75556
3879;90;2022;1;6;30;123;295237
4181;109;2022;1;10;39;182;241138
4574;37;2022;1;10;21;214;183207
5255;126;2022;1;11;7;18;87103
4873;2;2022;1;10;21;72;115524
5625;88;2022;1;12;13;63;40521
6032;68;2022;1;11;18;42;97984
6296;146;2022;1;13;21;82;308911
6858;106;2022;1;14;59;285;374331
4021;27;2022;1;13;28;251;221269
5625;88;2022;1;17;6;8;19551
2669;65;2022;1;18;17;96;225718
8031;97;2022;1;17;13;206;264748
2333;41;2022;1;18;29;152;114583
3761;37;2022;1;21;20;47;114180
283;65;2022;1;21;9;56;86689
458;117;2022;1;21;63;168;327504
458;117;2022;1;21;20;61;166423
345;53;2022;1;25;18;63;95557
9717;27;2022;1;25;24;190;109331
9918;37;2022;1;25;14;27;56778
458;126;2022;1;25;63;168;327504
2793;98;2022;1;25;5;18;41622
10197;151;2022;1;27;14;1033;1307074
3609;53;2022;1;31;6;76;70307
11135;40;2022;1;31;18;36;50911
438;51;2022;2;1;11;75;80150
947;128;2022;2;2;47;290;363878
11265;27;2022;2;2;12;45;66128
1726;32;2022;2;3;12;38;40019
1018;19;2022;2;7;15;56;71263
6135;68;2022;2;4;19;44;67362
6135;68;2022;2;4;27;70;149698
2441;37;2022;2;4;14;49;70682
568;37;2022;2;8;17;98;105802
6588;31;2022;2;8;20;137;435339
671;154;2022;2;10;25;164;290533
2195;30;2022;2;14;23;38;67287
13028;37;2022;2;17;37;90;112206
1229;97;2022;2;17;12;25;29740
9551;41;2022;2;17;10;32;140069
4574;37;2022;2;21;17;89;97897
13687;41;2022;2;23;12;155;474748
1288;97;2022;2;23;5;21;46809
2464;134;2022;2;23;11;85;291877
2315;97;2022;2;25;14;66;88316
13990;131;2022;2;25;16;67;105030
4237;103;2022;2;28;11;18;33119
12680;37;2022;2;28;12;109;303721
12680;37;2022;3;1;5;121;187105
9843;37;2022;2;28;14;123;54258
14426;48;2022;3;2;17;89;101807
947;128;2022;3;1;59;199;306167
1018;19;2022;3;2;18;67;87271
2248;34;2022;3;2;16;27;53318
9617;91;2022;3;2;13;44;67715
6502;37;2022;3;3;19;47;62551
6135;68;2022;3;2;13;67;158769
9744;37;2022;3;4;67;170;152997
2441;37;2022;3;3;15;51;55739
2904;37;2022;3;3;13;31;111033
2669;65;2022;3;7;25;86;170305
3794;24;2022;3;4;11;21;36770
1755;86;2022;3;8;71;988;1239319
14980;53;2022;3;4;11;195;602270
9210;13;2022;3;10;18;61;132987
5625;88;2022;3;8;11;91;37652
3113;56;2022;3;8;14;152;146065
758;115;2022;3;9;21;63;81295
15311;37;2022;3;9;23;40;99920
8974;82;2022;3;10;4;19;51134
11135;55;2022;3;11;27;42;80891
438;51;2022;3;11;16;85;54085
9883;76;2022;3;11;33;121;264818
1783;18;2022;3;18;48;241;341621
6662;37;2022;3;17;13;82;132375
2260;97;2022;3;18;33;247;749702
6155;33;2022;3;17;11;176;115844
1783;18;2022;3;18;47;236;338211
10141;37;2022;3;18;14;58;91930
3456;33;2022;3;18;22;612;1177652
12253;26;2022;3;21;26;115;231974
6296;146;2022;3;24;20;127;314587
8446;37;2022;3;25;28;97;257343
1872;41;2022;3;28;19;29;48858
7486;86;2022;3;28;10;35;38645
4733;108;2022;3;31;20;74;138069
590;112;2022;3;31;29;390;328808
5714;37;2022;3;31;5;44;59683
11101;51;2022;3;31;14;154;211456
2669;65;2022;3;31;24;81;201477
9899;37;2022;4;1;17;27;68052
1726;32;2022;4;1;18;48;97693
947;28;2022;4;4;49;188;394887
1910;135;2022;4;7;31;95;306858
14426;48;2022;4;4;23;97;115603
1018;19;2022;4;5;19;86;179479
275;89;2022;4;6;7;15;45394
9937;105;2022;4;6;10;31;62082
9598;69;2022;4;11;33;117;91542
6502;37;2022;4;8;13;27;41433
3902;41;2022;4;7;16;174;543374
15663;99;2022;4;8;23;61;123072
2059;33;2022;4;7;7;14;31355
2421;68;2022;4;8;9;23;101806
6621;63;2022;4;11;27;256;495504
840;33;2022;4;11;26;90;131543
287;74;2022;4;12;10;13;40652
9843;37;2022;4;13;23;84;115175
4323;128;2022;4;13;21;44;82168
3117;37;2022;4;12;4;21;73325
8358;10;2022;4;14;35;131;268806
907;100;2022;4;18;18;58;85697
1508;88;2022;4;19;29;225;311474
15681;37;2022;4;20;5;66;114500
9717;37;2022;4;19;23;145;126219
7382;65;2022;4;20;30;791;722391
13482;37;2022;4;21;13;29;77241
2859;103;2022;4;25;9;245;261482
7673;50;2022;4;21;4;820;969470
9883;76;2022;4;25;41;196;321371
8446;37;2022;4;25;21;48;239216
5714;37;2022;4;26;6;17;20181
6092;37;2022;4;26;12;51;143737
7657;147;2022;4;26;30;157;391006
7358;106;2022;4;26;17;81;208517
10917;37;2022;4;27;30;76;151965
15052;37;2022;4;28;14;46;53129
2912;86;2022;4;28;18;94;282354
2402;80;2022;4;29;23;238;394317
2669;65;2022;5;2;19;51;109500
10757;149;2022;5;3;4;110;164150
1229;163;2022;5;3;5;26;83675
6621;63;2022;5;4;27;224;415120
9546;65;2022;5;3;20;180;228230
4268;10;2022;5;3;14;82;134592
6502;37;2022;5;4;13;48;102294
18178;137;2022;5;5;11;105;336760
2108;99;2022;5;4;10;25;35262
880;64;2022;5;5;7;61;201549
229;37;2022;5;5;12;26;29995
13498;125;2022;5;9;17;579;1170312
13498;125;2022;5;6;23;246;612721
3704;119;2022;5;9;17;212;318205
3794;58;2022;5;9;15;33;72499
8358;10;2022;5;12;25;125;264666
7260;24;2022;5;12;34;168;266223
2793;89;2022;5;12;16;96;186885
2529;103;2022;5;13;17;32;86741
17779;37;2022;5;12;29;69;130281
976;46;2022;5;13;16;178;182472
6662;37;2022;5;16;12;78;162648
850;5;2022;5;17;13;18;54502
12373;19;2022;5;17;20;45;130381
570;20;2022;5;16;18;34;149160
6296;147;2022;5;18;27;88;146119
969;55;2022;5;19;22;98;230815
2087;115;2022;5;20;27;46;167768
15846;37;2022;5;20;13;29;42381
14377;137;2022;5;23;4;84;127428
15846;37;2022;5;20;14;31;50417
14210;118;2022;5;20;5;36;249414
128;66;2022;5;23;22;57;82554
19378;39;2022;5;20;16;54;166849
5992;8;2022;5;23;38;124;156020
5203;39;2022;5;24;5;8;30813
4186;46;2022;5;24;28;182;508735
2260;97;2022;5;24;38;280;629983
6933;95;2022;5;25;7;35;154630
361;96;2022;5;26;6;23;34111
8974;82;2022;5;26;6;29;71637
6689;106;2022;5;26;26;131;257984
5183;37;2022;5;26;7;20;77201
10358;37;2022;5;27;18;79;134663
8323;41;2022;5;27;14;53;143589
6092;37;2022;5;27;13;56;145612
11459;33;2022;5;31;25;286;329182
7356;88;2022;5;31;8;34;85144
19706;50;2022;6;1;9;254;225850
249;44;2022;5;31;2;3;7136
4733;108;2022;5;31;18;40;56705
948;3;2022;6;1;2;9;26102
1018;19;2022;6;2;18;75;113305
3912;51;2022;6;3;14;27;29629
18940;37;2022;6;3;6;35;50698
206;42;2022;6;3;18;80;128301
4727;37;2022;6;6;41;330;395356
1935;97;2022;6;4;16;24;35502
13498;125;2022;6;8;19;99;512205
2658;96;2022;6;9;4;8;13822
2793;89;2022;6;7;8;39;137259
1931;37;2022;6;8;24;124;144038
14479;21;2022;6;8;7;18;66595
15681;37;2022;6;9;14;108;276957
15024;83;2022;6;10;12;73;62635
3903;147;2022;6;9;3;19;122420
3903;147;2022;6;9;9;63;346274
9644;154;2022;6;8;9;15;28833
6621;63;2022;6;9;18;196;345763
293;65;2022;6;10;69;389;808548
6502;37;2022;6;9;14;47;92164
8446;37;2022;6;9;18;68;218591
6662;37;2022;6;13;18;57;66491
17793;85;2022;6;15;16;24;58455
11599;66;2022;6;15;24;128;339468
969;55;2022;6;17;22;94;135283
18194;50;2022;6;23;15;124;311410
7382;65;2022;6;22;13;427;333986
18442;37;2022;6;20;8;16;63857
6994;103;2022;6;22;21;75;91952
6092;37;2022;6;24;10;51;149890
2642;44;2022;6;24;11;24;45935
11829;37;2022;6;28;19;160;292938
9717;37;2022;6;28;33;149;229658
6858;106;2022;6;29;57;416;335447
680;88;2022;6;29;48;291;312449
20352;65;2022;6;29;22;119;152641
3761;37;2022;6;30;30;139;213370
10552;57;2022;6;30;31;73;102641
1043;32;2022;6;30;17;32;55992
1942;12;2022;6;30;17;33;84025
2573;90;2022;6;30;16;47;111667
18372;70;2022;7;1;10;22;52000
947;28;2022;7;4;39;362;393983
5470;48;2022;7;1;21;72;149704
1121;138;2022;7;4;9;32;120134
1018;19;2022;7;5;16;66;106481
10757;149;2022;7;4;4;110;164150
810;102;2022;7;5;63;306;594968
6662;37;2022;7;6;14;74;103633
10017;9;2022;7;6;15;57;138449
6044;82;2022;7;7;21;510;311411
6579;55;2022;7;8;24;61;191064
2127;38;2022;7;8;33;144;216313
9883;76;2022;7;11;16;58;135652
9379;37;2022;7;11;13;21;34141
4301;125;2022;7;12;14;35;92424
2793;89;2022;7;12;10;47;62363
16599;37;2022;7;11;30;205;242283
6502;37;2022;7;12;23;64;106682
4435;37;2022;7;12;21;221;199745
391;30;2022;7;12;7;17;37061
5588;76;2022;7;13;9;34;61164
4727;37;2022;7;14;28;219;512138
18939;9;2022;7;14;21;468;672080
8800;37;2022;7;13;10;15;41625
13548;86;2022;7;18;19;145;312303
2669;65;2022;7;18;20;56;115952
13742;37;2022;7;21;24;194;424057
10948;80;2022;7;20;31;159;139006
8323;111;2022;7;22;17;77;142145
15681;37;2022;7;22;10;100;199131
13498;125;2022;7;25;13;91;297188
13509;37;2022;7;25;27;107;202052
19439;106;2022;7;25;11;60;162176
7067;18;2022;7;26;24;96;170990
877;104;2022;7;25;23;303;494356
3794;24;2022;7;25;9;14;54863
5183;37;2022;7;26;16;80;117703
6436;21;2022;7;27;32;319;726163
6092;37;2022;7;27;15;42;88762
2195;30;2022;7;26;28;49;98638
293;65;2022;7;28;12;69;321852
10552;57;2022;7;29;25;60;85497
21279;158;2022;7;29;8;14;20954
1999;119;2022;8;1;10;22;46815
9843;37;2022;8;2;11;120;146843
6032;68;2022;8;2;25;80;126025
6135;68;2022;8;2;26;79;119932
7691;37;2022;8;3;18;45;115273
12373;19;2022;8;3;21;51;121502
1018;19;2022;8;3;19;87;182819
1523;61;2022;8;4;13;114;219857
1339;34;2022;8;4;13;45;96636
715;6;2022;8;4;33;388;501054
2195;30;2022;8;4;28;86;145929
4792;56;2022;8;4;30;616;867035
5497;104;2022;8;5;8;60;114450
590;112;2022;8;5;58;681;799574
2260;97;2022;8;8;33;232;494666
6032;68;2022;8;4;21;63;130756
8446;37;2022;8;8;20;61;220430
895;83;2022;8;9;11;29;68223
8591;88;2022;8;11;21;95;140185
14980;53;2022;8;10;15;161;406160
5714;37;2022;8;16;3;17;52839
4727;37;2022;8;16;18;150;268276
10271;37;2022;8;16;15;30;95660
10948;80;2022;8;16;35;64;144705
18372;70;2022;8;16;12;19;70838
7251;135;2022;8;23;17;86;57450
7980;30;2022;8;18;15;45;75050
371;9;2022;8;22;8;34;121765
6502;37;2022;8;22;8;34;95771
6858;106;2022;8;24;50;456;202131
10397;108;2022;8;24;30;187;303327
8323;41;2022;8;24;21;81;206816
9644;154;2022;8;24;9;19;42745
1799;43;2022;8;24;5;10;54919
21969;76;2022;8;24;16;20;51293
6092;37;2022;8;26;16;36;147550
10358;37;2022;8;26;19;56;109481
18213;115;2022;8;26;22;79;373364
10552;57;2022;8;29;29;91;125279
6436;21;2022;8;30;32;311;754308
391;30;2022;8;29;8;19;52083
5616;104;2022;8;30;15;466;212270
3761;37;2022;8;31;36;208;298119
8800;37;2022;8;31;14;26;61772
877;104;2022;9;1;19;1271;954164
22172;37;2022;9;1;20;38;79514
2669;65;2022;9;2;9;28;41066
6032;68;2022;9;1;25;77;127389
947;28;2022;9;2;44;200;364510
1018;19;2022;9;5;18;83;106884
1726;37;2022;9;5;9;15;20242
10439;70;2022;9;5;31;198;135476
715;6;2022;9;5;22;385;384882
6032;68;2022;9;5;26;57;128642
4733;108;2022;9;6;12;27;46436
17783;37;2022;9;5;20;102;208423
2793;89;2022;9;6;11;47;122361
1119;112;2022;9;6;19;481;241240
3633;140;2022;9;6;10;41;94063
7691;37;2022;9;6;22;58;146580
11651;137;2022;9;7;5;902;1221344
13953;21;2022;9;7;35;88;94330
877;104;2022;9;22;1;17;32130
877;104;2022;9;8;12;1304;871294
561;56;2022;9;9;2;5;8767
14210;118;2022;9;20;22;244;676948
9799;107;2022;9;21;25;108;110729
15681;110;2022;9;22;9;115;117684
6689;106;2022;9;23;20;54;119942
18372;70;2022;9;26;12;54;102276
12118;33;2022;9;26;39;332;492497
10948;80;2022;9;23;30;46;108345
13531;37;2022;9;23;31;77;139614
6092;37;2022;9;27;15;33;113231
4245;63;2022;9;28;16;58;109419
1589;2;2022;9;28;13;26;62701
22704;88;2022;9;29;28;346;692881
3761;37;2022;9;29;49;285;406554
1726;37;2022;9;30;18;53;73065
2464;134;2022;9;29;41;400;517088
6712;39;2022;10;3;8;21;35410
152;72;2022;10;4;25;54;188993
12561;125;2022;10;3;12;204;223943
2714;103;2022;10;4;19;176;328687
1360;41;2022;10;5;16;49;291944
1780;88;2022;10;4;24;78;110649
9617;91;2022;10;5;17;31;47756
5999;37;2022;10;6;20;162;145133
444;61;2022;10;6;2;4;5284
6135;68;2022;10;5;18;87;179846
1899;115;2022;10;6;51;205;284465
5999;37;2022;10;6;20;162;145133
10552;57;2022;10;6;31;73;104974
7980;30;2022;10;7;17;57;100899
6032;68;2022;10;7;19;56;116463
6032;68;2022;10;7;26;61;125239
128;66;2022;10;8;8;106;179753
8800;37;2022;10;7;10;23;50753
2793;89;2022;10;11;19;97;172453
231;80;2022;10;12;16;54;112004
6436;21;2022;10;13;33;309;679693
4810;30;2022;10;13;16;239;157957
128;66;2022;10;13;12;209;514589
7382;65;2022;10;13;10;334;213438
9512;115;2022;10;12;1;8;16080
8427;12;2022;10;14;126;5631;7060729
3490;102;2022;10;13;21;152;141630
5085;21;2022;10;17;9;20;59621
9426;115;2022;10;14;44;250;231338
5183;37;2022;10;17;8;61;98044
1022;5;2022;10;18;47;239;611854
689;5;2022;10;17;1;1;1953
689;5;2022;10;17;2;4;9286
689;5;2022;10;17;1;1;1953
689;5;2022;10;17;2;2;4792
689;5;2022;10;17;4;4;8230
689;5;2022;10;17;4;6;15010
689;5;2022;10;17;8;38;75052
6502;37;2022;10;17;18;62;152592
13509;37;2022;10;18;21;204;116154
1082;51;2022;10;18;20;477;212645
4399;78;2022;10;19;7;97;184888
4399;78;2022;10;19;16;219;282971
1142;78;2022;10;19;8;278;223508
11315;37;2022;10;24;15;26;46983
6333;83;2022;10;20;19;38;114843
11543;37;2022;10;21;7;12;36056
6858;106;2022;10;24;27;58;128359
4301;125;2022;10;24;8;28;91233
10439;70;2022;10;25;31;101;135641
10948;80;2022;10;24;27;39;110257
5714;37;2022;10;25;3;9;45789
4021;78;2022;10;24;6;12;45926
1082;51;2022;10;24;16;327;145303
6662;37;2022;10;25;30;82;138105
6579;55;2022;10;26;30;79;244628
18939;9;2022;10;27;8;330;1241780
14210;118;2022;10;27;16;182;118341
2669;65;2022;10;27;18;46;128450
4792;56;2022;10;27;40;880;1571731
3794;159;2022;10;27;19;39;114678
21779;37;2022;11;2;37;266;197126
3181;153;2022;11;2;2;11;22599
21020;125;2022;11;3;12;105;214597
1401;90;2022;11;3;37;67;234211
4021;78;2022;11;3;7;24;56413
5818;41;2022;11;4;13;29;54846
1018;19;2022;11;7;19;88;241086
20159;37;2022;11;4;11;27;109860
13889;37;2022;11;8;12;28;65264
949;96;2022;11;4;35;159;511052
1780;88;2022;11;4;21;60;116740
3490;102;2022;11;8;27;199;281920
13498;125;2022;11;4;20;226;566366
1360;41;2022;11;7;11;32;88934
6044;82;2022;11;4;21;231;235429
949;96;2022;11;7;23;164;686160
22172;37;2022;11;7;13;42;77968
10928;37;2022;11;7;10;28;22400
256;65;2022;11;7;4;16;43631
8798;28;2022;11;8;23;61;77796
570;20;2022;11;8;10;32;271634
6032;68;2022;11;8;13;50;142284
6135;68;2022;11;8;34;117;187099
487;109;2022;11;8;24;34;88694
4733;108;2022;11;9;12;44;87203
2793;89;2022;11;11;18;94;202519
3265;93;2022;11;9;9;75;231890
12118;33;2022;11;11;41;314;672971
2195;37;2022;11;11;24;46;92943
9234;153;2022;11;11;18;153;441802
6933;95;2022;11;15;21;106;190924
10557;72;2022;11;11;18;27;365067
4237;74;2022;11;14;10;16;47544
23800;166;2022;11;14;9;20;88687
5107;120;2022;11;14;5;182;253564
9697;37;2022;11;15;138;525;1405415
203;154;2022;11;14;8;46;152186
1899;115;2022;11;15;34;118;180850
7923;79;2022;11;16;12;140;395622
1739;2;2022;11;15;19;131;242196
2464;134;2022;11;15;28;158;323073
2512;56;2022;11;17;8;135;634415
152;72;2022;11;17;22;55;206196
5352;109;2022;11;17;11;50;88173
18939;9;2022;11;17;13;353;387722
20159;37;2022;11;21;23;75;133874
4245;56;2022;11;22;12;33;143728
10005;37;2022;11;21;31;310;718883
5518;12;2022;11;22;41;590;753712
10644;37;2022;11;23;70;336;340010
7120;37;2022;11;22;6;8;22270
1975;88;2022;11;24;7;35;88240
2810;37;2022;11;25;13;92;99107
2059;33;2022;11;24;6;28;80679
7908;37;2022;11;25;12;43;74468
7908;37;2022;11;25;12;43;74470
5616;104;2022;11;28;25;583;209895
4683;159;2022;11;28;19;36;117203
19803;78;2022;11;25;19;73;194432
21020;125;2022;11;28;21;124;250041
2199;32;2022;11;29;12;25;43426
10948;80;2022;11;28;24;44;83219
203;154;2022;11;29;9;51;154741
3238;56;2022;11;29;39;104;224959
2669;65;2022;11;30;21;90;225225
4304;88;2022;11;29;15;57;297133
11873;37;2022;11;30;15;30;59957
11606;111;2022;11;30;16;68;249127
10141;37;2022;12;1;21;129;215317
11863;5;2022;12;2;6;127;213726
13180;56;2022;12;1;23;34;57793
7322;17;2022;12;1;9;29;81772
13180;56;2022;12;1;28;46;130205
13180;56;2022;12;1;23;34;57793
13180;56;2022;12;1;26;57;128347
13180;56;2022;12;3;15;22;46684
13180;56;2022;12;3;29;62;118107
2441;37;2022;12;1;19;57;70431
13498;125;2022;12;2;20;224;492107
6662;37;2022;12;5;19;70;116794
6436;21;2022;12;5;42;482;716167
195;82;2022;12;5;21;69;107978
15027;37;2022;12;2;17;59;195031
1018;19;2022;12;6;20;82;147225
2195;37;2022;12;6;13;29;77133
1910;135;2022;12;6;26;80;195140
1490;54;2022;12;7;3;4;12091
10928;37;2022;12;5;11;24;17739
1401;90;2022;12;6;44;85;257562
4561;37;2022;12;6;28;99;134054
6032;68;2022;12;6;19;40;123155
13180;56;2022;12;6;25;48;160379
5625;88;2022;12;9;7;22;25930
12561;125;2022;12;9;15;198;344155
16465;37;2022;12;12;28;67;200558
1018;19;2022;12;12;2;7;7989
4323;58;2022;12;12;21;113;72059
6135;68;2022;12;9;33;99;184459
8732;63;2022;12;10;32;171;855712
1872;41;2022;12;9;17;43;66141
8732;63;2022;12;12;24;101;416380
15531;159;2022;12;12;11;18;129281
10535;154;2022;12;13;22;106;395012
12568;56;2022;12;12;13;68;191870
2793;89;2022;12;13;13;57;182833
1082;51;2022;12;13;40;1302;588483
17104;56;2022;12;14;12;15;60604
5207;83;2022;12;15;16;726;1036165
9196;37;2022;12;15;14;25;80014
33;23;2022;12;19;10;53;169305
7181;83;2022;12;20;24;87;319032
15681;110;2022;12;20;20;394;557822
6662;37;2022;12;21;8;31;81727
6956;77;2022;12;21;8;13;27170
4021;78;2022;12;20;4;18;51200
17783;37;2022;12;21;7;27;93406
22681;37;2022;12;21;35;120;300999
6276;16;2022;12;21;20;188;309463
3490;102;2022;12;21;17;81;180181
3761;37;2022;12;22;10;24;104942
5763;37;2022;12;22;19;120;135353
6032;68;2022;12;22;12;44;136104
2669;65;2022;12;26;22;53;140030
1739;2;2022;12;26;35;589;310991
4792;56;2022;12;27;37;950;1420592
1452;79;2022;12;27;13;33;122255
12222;37;2022;12;28;15;175;116192
1022;5;2022;12;28;28;170;372082
8323;41;2022;12;28;21;142;329587
1510;17;2022;12;29;12;33;157297
20295;88;2022;12;29;18;33;49904
5518;12;2022;12;29;46;533;940292
3238;56;2022;12;29;38;103;240093
4873;2;2021;8;23;19;110;201734
5438;53;2021;10;8;25;75;132325
1106;55;2021;10;13;13;81;169325
361;96;2021;12;28;1;4;7488
7043;37;2021;12;29;9;39;130805
4339;109;2021;12;29;13;31;167184
1384;48;2021;12;29;27;157;385142
15049;109;2021;12;30;10;49;71467
5170;110;2021;1;5;22;100;160468
298;9;2021;1;4;21;104;341155
257;53;2021;1;5;4;12;61742
7172;131;2021;1;5;15;83;196072
8811;27;2021;1;5;16;141;81299
10187;97;2021;1;7;79;340;871286
4245;56;2021;1;11;16;105;148628
12670;110;2021;1;11;8;23;46551
20879;68;2021;1;11;18;107;134488
3388;6;2021;1;14;48;149;192453
1039;13;2021;1;14;11;11;27740
1013;104;2021;1;14;5;35;73631
17750;58;2021;1;15;16;101;88422
5080;20;2021;1;14;10;119;167618
9984;5;2021;1;18;25;89;96162
25764;58;2021;1;18;10;70;56530
7657;71;2021;1;18;37;335;365500
877;104;2021;1;19;5;377;208227
436;56;2021;1;18;10;27;49554
19385;58;2021;1;25;33;209;301546
19075;38;2021;1;26;8;54;125310
13441;98;2021;1;26;32;140;240423
10967;218;2021;1;27;19;79;87613
1664;107;2021;1;28;11;24;24230
24887;98;2021;1;28;11;35;49239
17835;12;2021;1;29;7;12;57915
12484;27;2021;1;29;17;40;51077
9744;37;2021;1;29;52;112;144215
947;28;2021;2;3;17;67;167857
5847;83;2021;2;3;27;661;723023
9579;107;2021;2;4;6;49;89038
3794;117;2021;2;4;17;35;62926
858;91;2021;2;8;11;18;80648
1193;86;2021;2;9;18;27;30246
2451;37;2021;2;10;13;19;40036
11901;48;2021;2;10;17;64;272823
6621;86;2021;2;10;35;208;417068
6338;105;2021;2;9;9;59;137510
25960;22;2021;2;10;7;58;249963
2301;83;2021;2;11;44;192;181527
17750;58;2021;2;11;27;209;169659
9843;37;2021;2;11;35;44;92704
17750;58;2021;2;12;29;220;139644
10187;97;2021;2;11;45;146;528742
25764;24;2021;2;12;14;63;182570
2056;43;2021;2;15;16;51;125715
1363;107;2021;2;16;11;191;400284
11947;27;2021;2;16;32;67;76207
2334;53;2021;2;18;25;123;156075
9858;86;2021;2;17;37;178;286952
10703;200;2021;2;18;14;61;133521
16599;43;2021;2;19;53;287;293015
1211;19;2021;2;23;11;31;40910
29650;27;2021;2;23;32;219;343712
11532;70;2021;2;23;33;63;89908
1686;9;2021;2;25;13;54;128895
9484;86;2021;3;1;27;101;169250
12484;27;2021;3;2;17;50;52509
7253;96;2021;3;4;20;121;235546
15723;15;2021;3;3;2;7;16587
2066;190;2021;3;5;20;48;108712
17750;58;2021;3;5;44;260;260073
17750;58;2021;3;5;18;153;126127
2195;30;2021;3;5;19;35;38585
11947;27;2021;3;5;16;133;50344
15830;86;2021;3;17;23;175;307287
11101;51;2021;3;8;22;252;412652
858;91;2021;3;8;9;21;35144
858;91;2021;3;8;9;21;35144
858;91;2021;3;8;9;21;35144
858;91;2021;3;8;9;21;35144
4181;109;2021;3;8;48;247;331472
25493;37;2021;3;8;9;41;38428
7405;9;2021;3;9;12;75;93986
8487;171;2021;3;11;26;946;890264
12034;97;2021;3;11;10;70;478566
1039;13;2021;3;12;16;16;37482
1403;55;2021;3;11;23;107;190887
9234;153;2021;3;12;22;193;366222
4339;109;2021;3;12;30;130;214505
6621;86;2021;3;15;40;401;648907
24840;102;2021;3;15;20;62;289328
390;112;2021;3;17;5;24;90355
6296;92;2021;3;17;23;109;151279
2669;65;2021;3;17;22;81;130844
1570;68;2021;3;18;39;157;246774
7839;52;2021;3;18;21;193;103756
4761;86;2021;3;18;19;189;340525
3490;102;2021;3;18;41;455;383538
10967;40;2021;3;19;16;85;119441
858;91;2021;3;22;12;27;44214
17750;58;2021;3;24;25;197;235019
1739;2;2021;3;24;17;81;152538
1211;19;2021;3;24;11;31;40910
18940;27;2021;3;25;23;157;69075
1043;86;2021;3;25;11;29;31981
15011;191;2021;3;29;22;54;76399
4717;150;2021;3;29;12;917;635450
7595;27;2021;3;30;32;125;93480
1686;9;2021;3;31;23;92;196290
26891;123;2021;3;31;12;16;52866
9484;86;2021;4;5;14;39;117142
781;25;2021;4;8;4;33;91173
4719;55;2021;4;8;33;237;227213
947;28;2021;4;8;41;140;190342
9015;46;2021;4;13;20;129;255697
1674;111;2021;4;12;12;26;41338
6194;12;2021;4;16;16;35;33906
4339;109;2020;5;8;29;101;263520
2028;126;2020;5;12;2;3;10391
24960;64;2020;6;17;13;40;40629
5080;20;2020;6;23;4;49;62897
3609;87;2020;6;26;46;252;265224
1018;200;2020;7;7;15;64;105330
8781;27;2020;7;6;14;177;191210
25155;17;2020;7;7;11;20;62169
25155;17;2020;7;7;14;17;79070
1369;2;2020;7;7;11;22;106986
2033;17;2020;7;7;14;29;57379
4075;95;2020;7;8;2;346;90164
4237;74;2020;7;9;13;17;73711
31831;35;2020;7;10;4;134;189710
6402;158;2020;7;10;6;10;91824
4888;41;2020;7;13;18;31;72327
4860;33;2020;7;13;40;156;283419
4888;41;2020;7;13;33;112;221875
6621;164;2020;7;15;30;141;235827
4965;40;2020;7;14;24;93;178423
13058;57;2020;7;17;17;38;56350
6621;164;2020;7;20;30;141;235827
24847;44;2020;7;20;19;89;125573
1048;44;2020;7;20;1;1;2180
7882;87;2020;7;20;14;29;32936
1962;198;2020;7;20;11;11;11806
6338;105;2020;7;21;2;30;23770
1523;97;2020;7;22;19;85;165925
1523;97;2020;7;22;29;158;246691
4382;100;2020;7;23;18;88;169775
732;82;2020;7;23;11;31;118595
1850;73;2020;7;24;19;67;71888
9167;2;2020;7;27;26;55;82678
1043;164;2020;7;27;19;82;97872
5080;20;2020;7;27;19;97;82764
348;33;2020;7;29;25;169;367478
17750;58;2020;7;29;15;160;101471
509;5;2020;7;31;7;350;407384
5847;83;2020;7;31;29;498;393553
15322;9;2020;8;4;30;124;230246
361;96;2020;8;3;2;10;18164
4075;95;2020;8;3;2;740;157780
1156;43;2020;8;5;40;232;225529
12360;41;2020;8;5;17;34;146368
1018;200;2020;8;11;16;71;105448
347;64;2020;8;6;12;331;1091201
4888;41;2020;8;11;20;30;67671
4888;41;2020;8;10;37;103;212254
6075;109;2020;8;11;18;31;53679
16599;43;2020;8;11;30;195;220600
927;6;2020;8;12;21;194;257969
3609;53;2020;8;12;21;101;207077
1085;105;2020;8;12;13;35;36000
1403;55;2020;8;14;36;123;254290
29057;246;2020;8;13;15;45;124393
3901;219;2020;8;14;10;33;59372
6045;48;2020;8;17;19;67;102542
10187;97;2020;8;17;39;56;161234
1369;2;2020;8;17;19;47;79596
927;6;2020;8;18;22;296;270369
4382;100;2020;8;18;15;83;118485
5085;21;2020;8;18;6;14;35945
5085;21;2020;8;18;5;20;51945
13296;6;2020;8;20;26;322;193605
22847;247;2020;8;19;13;31;56875
11101;51;2020;8;24;16;75;221177
13003;17;2020;8;24;19;99;182881
5085;21;2020;8;27;6;8;19561
787;105;2020;8;31;12;70;457877
253;44;2020;9;1;7;212;279320
7497;43;2020;9;2;14;39;208262
13296;6;2020;9;2;20;88;125505
1018;200;2020;9;4;15;66;109524
4339;109;2020;9;4;33;129;227062
4075;95;2020;9;4;3;623;171511
6621;164;2020;9;15;31;428;273154
164;68;2020;9;21;3;3;4124
678;198;2020;9;21;5;5;6024
425;9;2020;9;22;21;53;76351
28741;24;2020;9;23;25;72;157578
6338;105;2020;9;23;5;74;71164
10187;97;2020;9;24;57;212;217561
33501;32;2020;9;25;3;148;211216
12879;82;2020;10;8;12;61;40454
9579;107;2020;10;13;7;57;76820
8811;27;2020;10;13;20;131;160304
756;112;2020;10;14;19;31;68963
16599;43;2020;10;15;30;100;185618
6513;83;2020;10;15;12;68;79531
6621;164;2020;10;14;10;29;69725
39;25;2020;10;15;12;39;27928
13003;17;2020;10;16;28;262;492661
689;5;2020;10;19;2;3;1882
1294;123;2020;10;19;11;128;192664
4218;44;2020;10;20;7;10;26778
7634;92;2020;10;20;32;155;145656
4382;100;2020;10;20;14;59;91308
689;5;2020;10;19;3;5;6260
2159;68;2020;10;19;3;174;290604
680;88;2020;10;21;28;54;107768
10187;97;2020;10;22;92;483;727322
6338;105;2020;10;21;6;39;265942
4888;41;2020;10;22;22;62;113893
33819;128;2020;10;21;27;186;225137
5085;21;2020;10;26;6;8;19561
257;53;2020;10;26;11;104;154788
10710;31;2020;10;23;11;68;103641
1360;41;2020;10;26;22;220;373098
1106;55;2020;10;28;2;7;10890
1106;55;2020;10;28;7;19;21433
4839;27;2020;10;28;27;95;156184
21679;29;2020;10;28;6;682;1729298
5792;230;2020;10;29;19;122;171745
10418;125;2020;10;30;36;162;518266
5263;20;2020;11;2;5;27;61642
9484;164;2020;10;30;14;56;91469
425;9;2020;11;3;18;61;163476
1048;44;2020;11;3;5;33;36459
4245;56;2020;11;4;10;41;90985
595;104;2020;11;3;6;30;75250
5410;33;2020;11;6;35;424;272028
6032;68;2020;11;6;33;126;173443
2127;38;2020;11;10;3;4;12287
5080;20;2020;11;10;12;79;146053
3794;52;2020;11;11;23;50;69789
8037;109;2020;11;11;8;34;52397
13003;17;2020;11;13;21;112;408910
6621;86;2020;11;18;35;362;649153
4873;2;2020;11;18;33;145;203662
1363;107;2020;11;18;6;109;229320
10187;97;2020;11;19;113;813;928314
1085;105;2020;11;20;9;26;45866
10710;31;2020;11;20;10;42;59144
28908;83;2020;11;20;27;219;281749
2531;42;2020;11;26;10;21;59314
735;95;2020;11;30;7;36;89770
735;95;2020;11;27;5;80;113006
735;95;2020;11;30;7;32;80468
735;95;2020;11;30;4;55;152326
735;95;2020;11;30;6;38;54205
735;95;2020;11;27;6;20;29326
735;95;2020;11;30;7;94;192150
735;95;2020;11;30;8;18;23292
735;95;2020;11;30;6;70;150320
735;95;2020;11;27;6;46;89414
10207;6;2020;11;30;25;99;220755
11901;48;2020;12;2;27;79;84059
2546;112;2020;12;1;11;44;67078
646;43;2020;12;2;8;9;21517
25380;194;2020;12;4;8;551;536247
715;6;2020;12;3;9;53;88316
2813;55;2020;1;7;20;77;118721
24226;189;2020;1;3;4;19;44916
169;181;2020;1;3;11;28;117879
25739;19;2020;12;9;62;174;253948
407;9;2020;12;10;10;66;77299
7839;52;2020;12;9;34;195;166392
719;160;2020;12;9;20;94;75672
1739;2;2020;12;11;14;68;186065
1018;13;2020;1;9;18;75;140702
17750;58;2020;12;14;17;273;208897
1048;44;2020;12;14;3;5;24805
23532;103;2020;1;8;12;23;178615
31832;28;2020;12;15;12;62;21514
10187;97;2020;12;14;102;724;936211
3388;6;2020;12;15;44;232;276657
1106;55;2020;12;15;2;8;7442
1106;55;2020;12;15;10;145;158237
146;71;2020;12;17;21;140;151592
1853;181;2020;1;13;19;209;289346
1048;44;2020;12;16;5;31;27891
16599;43;2020;12;16;35;138;206282
2127;38;2020;12;17;24;122;323016
20963;223;2020;1;11;16;91;102386
1363;107;2020;12;17;13;228;551825
6621;222;2020;1;13;19;94;197296
12466;44;2020;1;13;24;105;183247
9461;182;2020;1;14;19;134;207702
1156;43;2020;1;15;38;165;224863
6621;86;2020;12;29;32;148;469257
9302;3;2020;1;16;5;15;14048
8795;97;2020;1;16;11;37;162954
3901;219;2020;1;21;25;83;101493
11200;50;2020;1;21;18;119;286528
609;90;2020;1;22;1;1;1536
4873;2;2020;1;21;29;111;156093
8940;154;2020;1;27;19;45;108131
609;90;2020;1;28;2;2;2050
1369;2;2020;1;27;19;70;137727
8974;62;2020;1;27;17;85;295581
24895;22;2020;1;24;25;262;273256
15322;95;2020;1;29;31;117;109023
169;181;2020;1;31;15;39;147195
32313;125;2020;1;30;46;200;150400
1853;181;2020;1;31;26;237;221364
1018;200;2020;2;4;17;78;135905
2765;44;2020;2;4;15;370;509000
2813;55;2020;2;5;22;65;77703
34459;39;2020;2;5;18;71;100157
6288;152;2020;2;7;7;32;40531
1570;68;2020;2;10;22;57;74268
34459;39;2020;2;8;18;71;100157
36331;109;2020;2;11;43;462;456771
4074;164;2020;2;12;22;94;102703
2912;63;2020;2;13;19;103;263521
36402;32;2020;2;14;7;147;183736
1153;55;2020;2;19;19;86;141231
8577;97;2020;2;19;3;5;8220
5680;44;2020;2;21;50;253;268361
5116;44;2020;2;20;2;18;29055
35611;21;2020;2;24;14;40;114102
13003;17;2020;2;21;18;106;209387
2028;126;2020;2;24;30;100;101234
4128;83;2020;2;26;20;124;179618
3094;57;2020;2;28;22;188;457638
2028;126;2020;2;27;30;100;101234
32313;125;2020;2;29;43;196;136164
6033;55;2020;3;4;31;137;197327
1048;44;2020;3;5;2;3;7700
6621;164;2020;3;5;18;128;111742
1018;200;2020;3;6;19;81;143715
3828;33;2020;3;6;32;139;295508
32204;96;2020;3;6;10;19;27534
6621;164;2020;3;11;18;128;111742
12241;125;2020;3;11;21;212;224717
1361;88;2020;3;12;25;107;135376
4570;26;2020;3;11;9;46;137942
28348;126;2020;3;12;14;18;61149
28348;126;2020;3;12;2;2;3460
1725;51;2020;3;11;4;44;87488
1725;51;2020;3;12;1;76;108832
7253;96;2020;3;12;24;78;139694
1369;2;2020;3;13;19;54;111452
3794;52;2020;3;13;19;54;71390
443;77;2020;3;14;16;54;90185
1048;44;2020;3;16;2;15;29900
4788;6;2020;3;17;19;79;198932
1156;43;2020;3;17;48;170;197225
2028;126;2020;3;19;24;88;77260
14666;2;2020;3;19;9;32;80470
3275;200;2020;3;18;35;247;183943
141;52;2020;3;19;18;41;145965
6489;240;2020;3;18;21;51;65984
11796;137;2020;3;27;17;62;143518
97;12;2020;3;20;4;18;44648
609;90;2020;3;20;2;4;3934
8037;243;2020;3;20;14;39;55922
1048;44;2020;3;24;2;30;35348
1036;100;2020;3;25;26;60;94524
361;96;2020;4;1;2;10;18164
361;96;2020;3;31;8;31;428031
1853;33;2020;3;31;34;248;386037
12902;193;2020;3;31;6;62;67208
5116;44;2020;4;2;9;61;67612
6288;152;2020;4;2;10;60;66968
1739;2;2020;4;2;19;85;269289
4084;88;2020;4;6;26;145;247057
2555;3;2020;4;6;26;228;222077
2769;191;2020;4;6;36;267;296734
9484;164;2020;4;7;23;53;84551
11796;137;2020;4;9;16;56;135284
9633;183;2020;4;8;14;32;69638
30759;115;2020;4;9;18;75;150745
11796;137;2020;4;9;17;62;143518
4339;109;2020;4;13;16;51;201993
1369;2;2020;4;13;14;30;122265
1156;43;2020;4;15;33;98;152798
4075;95;2020;4;14;3;1007;197606
6621;164;2020;4;14;9;39;163667
6858;221;2020;4;15;3;9;19104
11200;50;2020;4;16;19;100;116848
11200;50;2020;4;17;21;195;184156
8563;43;2020;4;17;14;71;116857
1614;12;2020;4;21;23;147;640561
11218;115;2020;4;21;23;52;155528
20131;70;2020;4;22;22;53;80204
11200;50;2020;4;24;20;72;97656
11200;50;2020;4;24;22;77;90340
11200;50;2020;4;24;21;144;137406
11200;50;2020;4;24;19;83;84610
11200;50;2020;4;24;20;96;108215
11200;50;2020;4;24;24;100;112703
11200;50;2020;4;30;24;208;267114
11200;50;2020;4;30;15;42;45565
11200;50;2020;4;30;20;85;99644
11200;50;2020;4;24;19;43;42478
11200;50;2020;4;24;19;142;150424
11200;50;2020;4;24;19;53;54198
97;12;2020;4;23;20;71;143873
11200;50;2020;4;24;18;40;45969
11200;50;2020;4;24;21;47;59170
4075;95;2020;4;23;4;1480;425150
11200;50;2020;4;27;23;145;159159
11200;50;2020;4;27;13;40;32934
11200;50;2020;4;24;10;35;30656
11200;50;2020;4;27;19;105;117746
11200;50;2020;4;27;19;79;85536
10030;55;2020;4;24;7;22;150644
1043;164;2020;4;27;11;32;28153
2650;115;2020;4;27;2;75;113500
3628;15;2020;4;29;24;70;125545
7897;181;2019;8;13;26;82;206658
28348;289;2019;8;13;9;16;56128
16572;104;2019;8;19;7;26;191975
2028;126;2019;8;14;21;58;82005
12596;197;2019;8;19;29;68;153436
15322;9;2019;8;21;18;92;91408
11306;307;2019;8;21;23;67;143315
2951;219;2019;8;22;8;16;34003
4873;2;2019;8;21;45;186;308306
618;228;2019;8;23;16;684;833948
8363;39;2019;8;22;22;52;116422
13398;65;2019;8;23;34;136;155313
11306;307;2019;8;26;23;67;143315
11335;198;2019;8;27;7;19;35310
516;171;2019;8;29;24;2005;2494835
9484;222;2019;8;29;31;305;176758
25155;17;2019;8;29;10;32;58715
25155;17;2019;8;29;17;86;146196
6588;31;2019;8;29;22;71;240795
2813;55;2019;9;3;32;73;119138
35301;339;2019;9;4;8;55;51075
5499;219;2019;9;5;8;22;40612
9883;223;2019;9;5;37;110;123029
5682;33;2019;9;5;16;28;48270
9461;182;2019;9;6;15;60;75929
4469;64;2019;9;9;5;8;99086
782;112;2019;9;7;6;181;245211
1018;200;2019;9;10;17;71;130755
13003;17;2019;9;10;22;88;218476
10753;44;2019;9;10;8;1330;6027020
1106;55;2019;9;9;17;507;305729
5680;44;2019;9;10;21;81;157491
2642;44;2019;9;11;13;38;55998
35301;49;2019;9;12;5;22;26610
2642;44;2019;9;12;13;38;55998
6436;21;2019;9;13;41;382;607510
5487;246;2019;9;22;10;261;249438
8795;197;2019;9;17;16;56;224936
781;25;2019;9;23;7;44;153613
35301;49;2019;9;25;13;89;299301
4873;2;2019;9;24;51;234;506699
13398;65;2019;9;25;30;103;155407
160;44;2019;9;27;20;102;216168
436;222;2019;10;2;16;43;84907
6621;222;2019;10;2;34;515;618616
8974;82;2019;10;3;26;180;552429
9883;223;2019;10;3;39;114;127905
16002;201;2019;10;7;10;70;158893
2951;219;2019;10;4;25;41;42811
36015;260;2019;10;8;18;189;198181
1097;97;2019;10;8;22;176;268253
25155;17;2019;10;9;13;61;185695
25155;17;2019;10;9;24;137;157045
25155;17;2019;10;9;21;96;228028
35611;21;2019;10;9;23;91;339123
1018;200;2019;10;10;18;82;143594
3794;52;2019;10;10;21;51;62880
21619;44;2019;10;11;12;29;51157
525;44;2019;10;14;11;196;436780
1853;33;2019;10;14;20;109;201820
35301;49;2019;10;24;12;26;48065
436;222;2019;10;23;4;8;14113
8974;82;2019;10;23;13;59;226171
36335;160;2019;10;24;13;40;48733
12466;44;2019;10;28;10;33;76115
2765;44;2019;10;27;30;129;206713
8795;197;2019;10;28;12;44;183331
4873;2;2019;10;29;49;226;278250
2147;100;2019;10;29;32;114;165425
25155;17;2019;10;29;7;31;99173
15205;86;2019;10;29;17;38;93380
6588;31;2019;10;29;20;53;241548
17641;263;2019;10;30;11;166;287017
13398;65;2019;11;4;27;97;135733
2813;55;2019;11;5;26;66;112003
21619;44;2019;11;6;5;312;56511
11052;17;2019;11;6;21;73;120242
21619;44;2019;11;7;5;312;56511
1048;44;2019;11;7;4;7;11486
764;77;2019;11;7;13;22;42803
36460;109;2019;11;6;13;116;131415
1048;44;2019;11;11;4;20;25166
9322;39;2019;11;8;67;481;964828
436;222;2019;11;19;9;20;25286
28348;289;2019;11;11;1;1;1520
28348;289;2019;11;11;15;83;79029
28348;289;2019;11;11;17;21;68669
9074;58;2019;11;12;4;14;45910
2765;44;2019;11;15;22;453;797089
6436;21;2019;11;14;49;503;649552
15205;86;2019;11;14;17;38;93380
3388;6;2019;11;14;39;124;129396
1048;44;2019;11;19;1;6;6540
8363;39;2019;11;19;17;33;220295
2765;44;2019;11;19;19;411;703789
2951;219;2019;11;18;19;37;40138
1048;44;2019;11;21;2;4;2686
2912;86;2019;11;25;15;89;156139
2028;126;2019;11;22;13;61;105967
15322;9;2019;11;29;22;96;89764
5276;159;2019;12;4;12;79;71367
417;44;2019;12;5;14;38;138924
1156;43;2019;12;5;32;212;414160
12663;20;2019;12;6;19;75;120780
25155;17;2019;12;6;13;35;124499
34440;18;2019;12;10;18;371;364209
23237;86;2019;12;10;13;95;140714
1048;44;2019;12;13;4;9;9032
13398;65;2019;12;12;35;153;146713
11200;50;2019;12;13;24;105;108040
8974;82;2019;12;12;3;7;13778
1853;33;2019;12;13;17;102;195170
361;96;2019;12;13;14;165;212615
1018;200;2019;12;16;18;77;139986
11200;50;2019;12;16;18;99;106818
11200;50;2019;12;16;24;218;272350
11200;50;2019;12;16;21;206;183058
11200;50;2019;12;16;19;87;77967
11200;50;2019;12;16;20;76;89984
11200;50;2019;12;16;19;45;38378
11200;50;2019;12;16;19;154;156229
11200;50;2019;12;16;21;49;54385
11200;50;2019;12;16;10;38;30732
11200;50;2019;12;16;18;43;41703
11200;50;2019;12;16;19;55;46676
11200;50;2019;12;16;21;153;129338
11200;50;2019;12;16;21;76;80887
11200;50;2019;12;16;18;82;82927
11200;50;2019;12;16;14;41;39097
11200;50;2019;12;16;19;116;111745
11200;50;2019;12;16;13;42;32711
11828;97;2019;12;13;21;58;67538
11200;50;2019;12;16;22;144;134780
11200;50;2019;12;16;18;83;85054
11200;50;2019;12;16;20;98;94224
11828;97;2019;12;16;14;26;49219
31097;103;2019;12;16;13;31;111329
25677;71;2019;12;17;12;110;175764
8795;97;2019;12;19;11;34;152791
782;112;2019;12;20;7;187;290211
6621;222;2019;12;26;9;36;40403
6588;31;2019;12;27;14;50;226660
21619;44;2019;12;26;7;49;40250
2951;219;2019;12;30;21;39;53834
9484;222;2019;12;27;11;33;77278
3794;52;2019;12;31;25;53;64100
2765;44;2019;12;31;17;408;851996
28348;126;2019;12;31;15;22;23848
28348;126;2019;12;31;22;67;117043
28348;126;2019;12;31;16;27;61496
3100;57;2019;1;3;15;82;155777
9484;222;2019;1;4;24;170;198085
9484;222;2019;1;4;17;70;172936
1173;198;2019;1;8;14;67;142289
4218;44;2019;1;7;5;97;510459
1369;2;2019;1;7;13;30;68119
34295;56;2019;1;8;13;63;240186
20183;122;2019;1;9;30;73;159565
29873;361;2019;1;10;13;42;73158
16621;222;2019;1;14;36;200;281169
1083;82;2019;1;14;21;53;42694
40360;68;2019;1;16;21;86;75989
25266;306;2019;1;16;9;179;356617
3530;82;2019;1;21;26;91;375506
678;88;2019;1;19;12;15;29988
160;44;2019;1;19;8;34;106192
2951;219;2019;1;23;12;21;42227
2951;219;2019;1;23;12;21;42227
160;44;2019;1;23;8;34;106192
32330;102;2019;1;30;18;43;225376
9484;222;2019;1;30;25;95;125737
10238;19;2019;1;30;19;196;243208
10238;19;2019;1;31;23;221;273415
10238;19;2019;1;31;21;115;258684
2044;82;2019;1;31;14;91;313541
2813;55;2019;1;31;23;64;131373
5821;46;2019;1;31;9;136;247101
15322;9;2019;1;31;24;103;94871
4399;78;2019;2;1;12;122;153040
16572;138;2019;2;4;15;122;348242
9224;131;2019;2;4;22;238;465992
9224;131;2019;2;6;19;188;336512
41063;366;2019;2;5;26;159;124784
444;25;2019;2;12;1;1;1624
444;25;2019;2;6;1;1;1624
1943;231;2019;2;6;11;18;61503
1943;231;2019;2;7;14;26;30922
18568;11;2019;2;8;28;68;148562
3343;11;2019;2;8;19;60;206375
164;68;2019;2;8;3;16;5438
164;68;2019;2;11;1;1;1694
164;68;2019;2;12;2;2;17555
164;68;2019;2;11;1;1;1578
164;68;2019;2;11;2;4;2184
164;68;2019;2;11;2;5;2386
164;68;2019;2;12;1;2;2880
6502;315;2019;2;11;1;3;3900
1018;200;2019;2;21;30;48;77299
31851;43;2019;2;13;14;264;146417
3997;35;2019;2;15;3;98;167460
25266;135;2019;2;18;30;683;1046637
36115;42;2019;2;20;14;31;64964
4873;2;2019;2;19;45;197;467097
41247;43;2019;2;20;18;34;53642
40639;198;2019;2;20;26;74;144337
24895;367;2019;2;22;24;189;346530
1173;198;2019;2;22;8;39;55348
2951;219;2019;2;28;20;41;65716
658;362;2019;3;4;12;100;131962
2813;55;2019;3;4;22;96;120888
8334;359;2019;3;6;5;48;89799
493;102;2019;3;6;2;2;4646
493;102;2019;3;6;4;8;7818
287;74;2019;3;6;24;68;151847
390;112;2019;3;6;1;6;13566
390;112;2019;3;6;2;3;7174
493;102;2019;3;6;5;19;28899
6045;48;2019;3;7;22;153;279793
1173;198;2019;3;7;12;28;54193
444;25;2019;3;8;1;2;3290
1537;9;2019;3;8;23;139;139030
30489;48;2019;3;8;10;57;77318
493;102;2019;3;8;5;22;41524
1018;200;2019;3;12;19;71;92490
17248;164;2019;3;12;17;134;76928
493;102;2019;3;13;4;44;18753
8372;292;2019;3;14;53;382;293795
1249;240;2019;3;15;17;84;74760
24895;131;2019;3;21;24;174;183524
4873;2;2019;3;18;52;175;432076
8138;8;2019;3;18;15;141;159938
1418;198;2019;3;18;1;2;3248
3108;39;2019;3;18;28;171;244223
11306;385;2019;3;19;53;156;171934
1409;198;2019;3;20;1;2;3248
10840;75;2019;3;19;21;233;257964
2044;82;2019;3;20;7;47;50813
3791;150;2019;3;21;2;30;39150
16572;104;2019;3;20;17;156;425162
2765;44;2019;3;20;16;39;69145
4520;291;2019;3;22;12;46;72393
15353;150;2019;3;22;14;124;167162
493;102;2019;3;25;3;11;16738
5233;68;2019;4;8;6;221;250394
3794;52;2019;3;25;16;37;45223
3108;39;2019;3;26;4;17;29439
130;59;2019;3;28;5;24;30341
9484;222;2019;3;29;11;33;69679
4128;83;2019;3;29;16;97;103892
39143;293;2019;3;29;22;89;78182
10519;86;2019;4;2;11;25;46813
2813;55;2019;4;2;23;119;122581
34599;220;2019;4;3;14;72;99754
1173;198;2019;4;3;14;35;63593
26498;6;2019;4;3;49;329;190949
3100;57;2019;4;5;5;24;44744
3100;57;2019;4;5;5;59;137540
814;102;2019;4;5;33;436;818566
34295;56;2019;4;10;12;56;171630
1018;200;2019;4;10;23;82;133047
1018;200;2019;4;10;12;25;45125
1359;200;2019;4;10;15;39;58839
5;5;2019;4;11;3;5;10204
5041;59;2019;4;11;10;95;77176
11306;385;2019;4;11;34;129;169244
6045;48;2019;4;16;24;192;287176
2028;126;2019;4;17;19;32;37026
4873;2;2019;4;17;70;389;504086
9017;222;2019;4;17;15;139;439807
5680;44;2019;4;19;19;88;166657
787;105;2019;4;24;24;185;139447
2028;126;2019;4;23;21;69;93595
2028;126;2019;4;24;26;70;126386
2028;126;2019;4;23;14;54;57928
15205;86;2019;4;24;15;447;86073
15205;86;2019;4;29;19;27;36438
5792;318;2019;4;30;10;72;104770
16795;293;2019;4;30;15;38;57563
6838;96;2019;4;30;15;31;67982
24284;160;2019;4;30;11;146;353644
1269;6;2019;5;2;17;79;161344
2813;55;2019;5;3;25;57;102068
1269;6;2019;5;2;17;97;161093
1269;6;2019;5;3;17;80;147183
1269;6;2019;5;2;17;102;210651
1269;6;2019;5;2;19;119;155445
1269;6;2019;5;3;19;76;158290
1269;6;2019;5;3;17;94;173111
1173;198;2019;5;6;11;29;61736
2048;306;2019;5;4;22;377;600716
34295;56;2019;5;6;17;71;216443
2028;126;2019;5;7;16;117;77244
6360;108;2019;5;7;15;59;136780
9017;222;2019;5;7;12;186;580151
1018;200;2019;5;8;20;64;92567
37020;200;2019;5;8;26;86;53086
1018;200;2019;5;10;19;83;148807
5682;33;2019;5;10;14;22;98219
3100;57;2019;5;13;19;313;363859
2558;78;2019;5;16;1;2;3464
5499;219;2019;5;17;15;50;80888
11306;385;2019;5;17;27;72;66762
2951;219;2019;5;20;16;29;57412
7622;126;2019;5;22;8;22;23567
361;96;2019;5;24;41;345;799991
1737;6;2019;5;24;2;3;4332
6588;31;2019;5;24;15;30;131629
6436;21;2019;5;27;43;648;571305
5987;221;2019;5;24;29;55;77699
4921;42;2019;5;27;15;50;144516
5599;117;2019;5;29;14;22;39673
36335;160;2019;5;29;13;34;36914
37128;317;2019;5;29;20;80;60420
15983;16;2019;5;29;10;52;117042
5680;44;2019;5;29;17;72;114662
9484;222;2019;5;30;23;81;150724
9484;222;2019;5;30;24;77;132728
2019;57;2019;5;30;7;24;35593
34295;56;2019;5;31;22;95;250619
2019;57;2019;6;3;3;27;39246
9109;17;2019;6;3;15;46;59595
6045;48;2019;6;3;24;171;226124
25155;17;2019;6;3;18;38;67879
3794;52;2019;6;3;19;40;53534
3388;6;2019;6;3;33;136;117656
10753;44;2019;6;4;8;1330;6027020
15205;86;2019;6;4;27;52;65647
1369;2;2019;6;5;24;64;123758
2558;78;2019;6;6;30;132;139889
2813;55;2019;6;7;20;49;109315
361;96;2019;6;10;1;15;21600
15322;9;2019;6;7;25;100;92735
23237;86;2019;6;10;15;110;160511
5682;33;2019;6;11;17;38;53637
1018;200;2019;6;11;16;24;57404
160;44;2019;6;13;19;83;110122
40504;197;2019;6;13;12;51;274533
5715;140;2019;6;13;16;89;296688
5682;33;2019;6;13;16;28;48270
11683;293;2019;6;14;24;69;112820
29573;55;2019;6;17;17;608;3406044
5715;140;2019;6;17;12;57;90026
11683;293;2019;6;18;24;69;113522
9907;17;2019;6;18;26;118;155391
9617;365;2019;6;18;15;54;38460
14200;57;2019;6;21;30;223;316515
2912;86;2019;6;21;24;69;135941
27151;18;2019;6;20;2;3;14438
2028;126;2019;6;24;24;51;43724
16572;104;2019;6;24;6;28;134364
4113;219;2019;6;24;3;22;39396
1156;43;2019;6;25;32;130;158754
5531;51;2019;6;26;16;134;229666
38309;101;2019;6;27;13;43;102283
5143;43;2019;6;27;23;90;182357
9484;222;2019;7;1;17;66;130793
19140;16;2019;7;2;13;161;222799
30625;310;2019;6;29;25;88;87295
2813;55;2019;7;2;25;64;108211
329;38;2019;7;2;21;158;318316
15983;16;2019;7;3;9;32;108006
12025;119;2019;7;3;27;132;160076
361;96;2019;7;4;53;1590;1543876
39008;58;2019;7;2;20;182;256631
2951;219;2019;7;4;10;19;21252
764;77;2019;7;4;5;14;18634
764;77;2019;7;4;5;43;45539
34767;70;2019;7;3;23;56;86090
24352;17;2019;7;5;8;20;22386
39585;16;2019;7;5;11;30;46066
24895;22;2019;7;8;25;210;407756
5499;219;2019;7;9;10;29;42143
6290;33;2019;7;9;11;27;28807
4719;55;2019;7;9;21;135;160920
20183;122;2019;7;9;25;53;192175
6045;48;2019;7;10;24;183;356422
31933;147;2019;7;11;12;440;70453
6045;48;2019;7;11;23;173;304922
1018;200;2019;7;11;19;86;183197
493;102;2019;7;12;5;22;19021
32625;339;2019;7;11;9;19;23395
32625;339;2019;7;24;8;55;51075
37723;115;2019;7;10;22;94;81144
7179;78;2019;7;10;31;159;270970
567;56;2019;7;11;2;13;9323
43024;230;2019;7;12;16;27;33587
42560;69;2019;7;12;20;35;39412
35301;339;2019;7;15;16;36;45312
9883;223;2019;7;15;24;65;105130
803;50;2019;7;16;40;641;818950
15205;86;2019;7;12;13;75;63249
7263;57;2019;7;12;40;246;330517
6135;68;2019;7;12;40;115;137965
9617;365;2019;7;17;12;61;38416
3026;2;2019;7;19;45;193;387192
1173;198;2019;7;19;16;349;447084
16572;104;2019;7;20;10;40;177071
13398;65;2019;7;22;32;108;151049
3794;52;2019;7;23;16;37;54608
10920;51;2019;7;22;17;77;136724
9617;365;2019;7;22;12;63;41596
16201;9;2019;7;24;2;27;54018
25155;17;2019;7;24;16;99;150655
9109;17;2019;7;24;8;39;80055
602;6;2019;7;24;10;27;85389
1156;43;2019;7;25;37;199;269131
6621;222;2019;7;25;11;53;117021
38309;101;2019;7;26;15;44;103873
3446;57;2019;7;26;13;100;224843
4074;222;2019;7;31;19;95;182603
16621;222;2019;8;2;20;95;123903
34966;306;2019;8;2;14;541;669650
2813;55;2019;8;2;27;67;115321
13003;17;2019;8;3;14;43;55510
2951;219;2019;8;6;19;41;60470
35301;49;2019;8;9;5;52;108168
5499;219;2019;8;7;18;39;81184
34440;18;2019;8;8;14;28;67818
1018;200;2019;8;8;16;76;148253
3585;164;2019;8;8;7;22;33520
41260;197;2019;8;8;18;174;318839
4034;302;2019;8;9;21;181;176032
119;64;2018;4;18;4;18;55530
5287;171;2018;4;23;14;90;99133
5680;358;2018;4;23;46;546;294812
9484;222;2018;5;3;22;171;394312
11143;15;2018;5;7;27;59;260238
30920;222;2018;5;7;5;11;16959
44097;408;2018;5;8;18;195;75227
678;319;2018;5;8;29;49;71855
6197;43;2018;5;9;29;114;157410
16621;222;2018;5;10;19;124;164735
215;82;2018;5;10;15;52;208260
3585;222;2018;5;11;16;219;85827
9484;222;2018;5;30;23;119;178968
1537;9;2018;5;31;21;76;64772
354;9;2018;5;31;26;735;576867
40678;56;2018;5;31;35;105;110868
4128;83;2018;6;6;18;67;97256
35499;231;2018;6;6;23;75;105377
3991;222;2018;6;7;3;13;23282
44523;417;2018;6;6;23;115;157072
10102;229;2018;6;8;18;44;64187
427;64;2018;6;11;24;64;177545
29348;39;2018;6;11;22;154;475501
183;82;2018;6;11;10;17;29221
20338;244;2018;6;11;19;52;48852
16031;39;2018;6;12;23;62;79599
7135;103;2018;6;13;29;204;372059
8717;334;2018;6;15;14;60;110519
35368;108;2018;6;15;24;39;97026
10425;20;2018;6;22;10;24;74863
215;82;2018;6;25;31;100;284254
1537;9;2018;6;25;28;186;152311
36460;258;2018;6;26;12;133;162019
26393;43;2018;6;26;15;88;147016
4280;64;2018;6;26;22;96;104667
25969;96;2018;6;28;10;58;41210
6544;56;2018;6;29;22;68;197901
37533;72;2018;6;29;14;34;40418
4128;83;2018;6;29;17;65;80888
41247;43;2018;7;4;58;191;133979
4246;96;2018;7;4;30;382;342462
37829;39;2018;7;6;71;349;436929
3306;40;2018;7;10;29;101;225357
13927;15;2018;7;12;7;11;50380
13471;40;2018;7;27;21;60;103738
5792;318;2018;7;31;14;133;82018
9484;222;2018;7;30;22;85;150418
215;82;2018;8;6;25;93;334123
1344;306;2018;8;9;14;30;31687
40678;56;2018;8;9;22;57;99549
2393;112;2018;8;9;18;60;45093
23237;56;2018;8;10;13;68;53464
8924;256;2018;8;17;26;74;177740
4113;219;2018;8;24;7;189;298328
9484;222;2018;8;29;11;44;128929
9484;222;2018;8;29;24;84;165004
4056;56;2018;8;30;30;207;175694
29398;181;2018;8;31;30;124;374440
4186;269;2018;8;31;26;106;284652
1462;78;2018;9;5;16;36;79642
4128;83;2018;9;5;5;12;17965
10819;109;2018;9;6;17;40;154609
1955;82;2018;9;10;17;69;115467
8219;12;2018;9;25;6;29;77056
37761;55;2018;9;27;29;111;250850
354;9;2018;9;28;20;470;479167
9484;101;2018;9;28;21;65;150349
9484;101;2018;9;28;20;59;151675
10819;109;2018;10;2;5;6;8628
9484;222;2018;10;2;20;59;151675
9484;222;2018;10;2;21;65;150349
678;40;2018;10;4;12;17;34292
3057;21;2018;10;9;12;47;112792
6838;96;2018;10;10;16;30;77613
787;105;2018;10;11;10;87;123841
2859;103;2018;10;11;3;17;83902
26190;268;2018;10;11;25;285;417570
4356;104;2018;10;12;7;18;22485
8704;82;2018;10;12;15;53;75856
771;222;2018;10;16;7;215;204260
42074;103;2018;10;18;20;168;187651
1537;9;2018;10;19;25;94;110021
2354;35;2018;10;29;22;762;883280
727;139;2018;10;25;2;20;46440
40498;17;2018;10;26;12;42;62411
1173;198;2018;10;30;9;77;147285
26190;268;2018;10;29;25;208;372071
4056;56;2018;10;30;55;602;333192
12308;38;2018;10;30;14;239;102669
11189;222;2018;10;31;21;33;44025
361;96;2018;10;31;2;60;18640
12172;43;2018;11;9;31;189;267618
8331;22;2018;11;9;13;44;119265
8549;43;2018;11;12;10;33;146002
5354;36;2018;11;15;6;32;55740
2951;219;2018;11;15;21;52;55211
2059;33;2018;11;15;28;84;94979
10349;52;2018;11;16;20;46;216812
6045;48;2018;11;19;5;42;156690
7558;71;2018;11;19;21;129;255752
3991;222;2018;11;21;2;23;47855
36335;160;2018;11;22;14;33;33235
34933;39;2018;11;22;7;13;30372
6838;96;2018;11;29;17;34;76174
15322;9;2018;11;30;27;125;108060
3991;222;2018;11;30;7;23;34670
2044;82;2018;12;4;21;90;269881
2813;55;2018;12;4;25;107;220362
12005;113;2018;12;5;21;684;1237063
1537;9;2018;12;10;33;185;169329
1083;82;2018;12;10;16;43;70043
1092;64;2018;12;11;60;694;629431
25155;17;2018;12;18;31;317;181873
26190;268;2018;12;18;11;169;224067
9112;83;2018;12;18;19;265;347996
9112;83;2018;12;19;3;8;13536
11654;367;2018;12;19;5;98;70738
6103;52;2018;12;24;11;672;174568
18568;11;2018;12;26;31;74;148289
36335;160;2018;12;28;8;19;19340
9200;26;2018;12;28;11;145;291158
6045;48;2018;12;28;34;377;451190
43707;270;2018;1;4;10;17;23298
3918;197;2018;1;4;15;78;97269
3045;117;2018;1;8;5;27;25080
15124;365;2018;1;11;23;121;151144
5420;221;2018;1;12;22;50;107955
7899;221;2018;1;23;29;179;238478
15205;86;2018;1;30;15;408;103801
1411;171;2018;2;7;9;11;16323
12650;126;2018;2;8;10;90;62909
7103;23;2018;2;9;15;35;58048
35022;171;2018;2;12;18;45;97418
3378;46;2018;2;13;21;167;1003787
34709;39;2018;2;22;12;23;44308
6974;21;2018;2;22;10;71;286483
44699;92;2018;2;26;45;322;518058
7135;103;2018;3;2;32;205;377723
39620;63;2018;3;6;14;835;639313
29348;39;2018;3;12;11;57;185465
44919;104;2018;3;12;15;90;88398
11315;57;2018;3;12;15;30;46728
4736;198;2018;3;13;23;297;326227
15409;83;2018;3;21;13;113;119045
10632;64;2018;3;22;5;32;97531
5792;318;2018;3;22;14;87;198696
26644;56;2018;3;23;20;93;111639
206;221;2018;3;26;16;61;193158
2018;160;2018;3;27;10;26;80923
39143;394;2018;4;4;13;91;101168
47006;64;2018;4;5;28;117;390504
9808;222;2018;4;5;20;80;68603
29348;39;2018;4;10;14;124;323120
12195;64;2018;4;11;13;185;300008
9420;75;2018;4;17;4;26;69940
4054;44;2018;4;17;20;81;198689
2480;68;2018;4;17;16;166;216136
